z,2,3,4,5,6,7,8,9,10,11,12,13,14,15,16,17,18,19,20,21,22,23,24,25,26,27,28,29,30,31,32,33,34,35,36,37,38,39,40,41,42,43,44,45,46,47,48,49,50,51,52,53,54,55,56,57,58,59,60,61,62,63,64,65,66,67,68,69,70,71,72,73,74,75,76,77,78,79,80,81,82,83,84,85,86,87,88,89,90,91,92,93,94,95,96,97,98,99,100
0,0,0,0,0,0,0,0,0,0,0,0,0,0,0,0,0,0,0,0,0,0,0,0,0,0,0,0,0,0,0,0,0,0,0,0,0,0,0,0,0,0,0,0,0,0,0,0,0,0,0,0,0,0,0,0,0,0,0,0,0,0,0,0,0,0,0,0,0,0,0,0,0,0,0,0,0,0,0,0,0,0,0,0,0,0,0,0,0,0,0,0,0,0,0,0,0,0,0,0
0,21,21,21,21,21,21,21,21,21,21,21,21,21,21,21,21,21,21,21,21,21,21,21,21,21,22,22,22,22,22,22,22,22,22,22,22,22,22,22,22,22,22,22,22,22,22,22,22,22,22,22,22,22,22,22,22,22,22,22,22,22,22,22,22,22,22,22,22,22,22,22,22,22,22,22,22,22,105,101,101,101,101,101,101,101,101,105,101,101,101,101,101,101,101,101,101,101,105,0
0,21,21,21,21,21,21,21,21,21,21,21,21,21,21,21,21,21,21,21,21,21,21,21,21,21,22,22,22,22,22,22,22,22,22,22,22,22,22,22,22,22,22,22,22,22,22,22,22,22,22,22,22,22,22,22,22,22,22,22,22,22,22,22,22,22,22,22,22,22,22,22,22,22,22,22,22,22,102,0,0,0,0,0,0,0,0,102,0,0,0,0,0,0,0,0,0,0,102,0
0,21,21,105,101,101,101,101,101,101,101,101,105,101,101,105,101,101,101,101,101,101,101,101,21,21,22,22,22,22,22,22,22,22,22,22,22,22,22,22,22,22,22,22,22,22,22,22,22,22,22,22,22,22,22,22,22,22,22,22,22,22,22,22,22,22,22,22,22,22,22,22,22,22,22,22,22,22,102,0,0,0,0,0,0,0,0,102,0,0,0,0,0,102,0,0,0,0,102,0
0,21,21,102,0,0,0,0,0,0,0,0,102,0,0,102,0,0,0,0,0,0,0,0,21,21,22,22,22,23,23,23,23,23,23,23,23,23,23,23,23,23,23,23,23,23,23,23,23,23,23,23,23,23,23,23,23,23,23,23,23,23,23,23,23,23,23,23,23,23,23,23,23,23,23,22,22,22,102,0,0,0,0,0,0,0,0,102,0,0,0,0,0,102,0,0,0,0,102,0
0,21,21,102,0,0,0,0,0,0,0,0,102,0,0,102,0,0,0,0,0,0,0,0,21,21,22,22,22,23,23,23,23,23,23,23,23,23,23,23,23,23,23,23,23,23,23,23,23,23,23,23,23,23,23,23,23,23,23,23,23,23,23,23,23,23,23,23,23,23,23,23,23,23,23,22,22,22,102,0,0,0,0,0,0,0,0,102,0,0,0,0,0,102,0,0,0,0,102,0
0,21,21,102,0,0,0,0,0,102,0,0,102,0,0,102,0,0,0,0,0,0,0,102,21,21,22,22,22,23,23,22,22,22,22,22,22,22,22,22,22,22,22,22,22,22,22,22,22,22,22,22,22,22,22,22,22,22,22,22,22,22,22,22,22,22,22,22,22,22,22,22,22,22,22,22,22,22,0,0,0,0,0,0,0,0,0,102,0,0,0,0,0,102,0,0,0,0,102,0
0,21,21,102,0,0,36,0,0,102,0,0,105,101,101,105,0,0,0,0,0,0,0,102,21,21,22,22,22,23,23,22,22,22,22,22,22,22,22,22,22,22,22,22,22,22,22,22,22,22,22,22,22,22,22,22,22,22,22,22,22,22,22,22,22,22,22,22,22,22,22,22,22,22,22,22,22,22,0,0,0,0,0,0,0,0,0,0,0,0,0,0,0,102,0,0,0,0,102,0
0,21,21,102,0,0,0,0,0,102,0,0,0,0,0,0,0,0,0,0,0,0,0,102,21,21,22,22,22,23,23,22,22,22,22,22,22,22,22,22,22,22,22,22,22,22,22,22,22,22,22,22,22,22,22,22,22,22,22,22,22,22,22,22,22,22,22,22,22,22,22,22,22,22,22,22,22,22,102,0,0,0,0,0,0,0,0,0,0,0,0,0,0,102,0,0,0,0,102,0
0,21,21,102,0,0,0,0,0,102,0,101,101,101,101,105,0,0,0,0,0,0,0,102,21,21,22,22,22,23,23,22,22,22,22,22,22,22,22,22,22,22,22,22,22,22,22,22,22,22,22,22,22,22,22,22,22,22,22,22,22,22,22,22,22,22,22,22,22,22,22,22,22,22,22,22,22,22,105,101,101,101,101,101,105,0,0,105,101,101,101,101,101,105,101,101,101,101,105,0
0,21,21,102,0,101,101,101,101,105,0,0,0,0,0,102,0,0,0,0,0,0,0,102,21,21,22,22,22,23,23,22,22,22,22,22,22,22,22,22,22,22,22,22,22,22,22,22,22,22,22,22,22,22,22,22,22,22,22,22,22,22,22,22,22,22,22,22,22,22,22,22,22,22,22,22,22,22,102,0,0,0,0,0,102,0,0,102,0,0,0,0,0,0,0,0,0,0,102,0
0,21,21,102,0,0,0,0,0,102,0,0,0,0,0,102,0,0,0,0,0,0,0,102,21,21,22,22,22,23,23,22,22,22,21,21,21,21,21,21,21,21,21,21,21,21,21,21,21,21,21,21,21,21,21,21,21,21,21,21,21,21,21,21,21,21,21,21,21,21,21,21,21,21,21,21,21,21,102,0,0,0,0,0,102,0,0,102,0,0,0,0,0,0,0,0,0,0,102,0
0,21,21,102,0,0,0,37,0,102,0,0,0,0,0,102,0,0,0,0,0,0,0,102,21,21,22,22,22,23,23,22,22,22,21,21,21,21,21,21,21,21,21,21,21,21,21,21,21,21,21,21,21,21,21,21,21,21,21,21,21,21,21,21,21,21,21,21,21,21,21,21,21,21,21,21,21,21,102,0,0,0,0,0,0,0,0,0,0,0,0,0,30,0,0,0,0,0,102,0
0,21,21,102,0,0,0,0,0,102,0,0,0,0,0,102,0,0,0,0,0,0,0,102,21,21,22,22,22,23,23,22,22,22,21,21,105,101,101,101,101,101,101,101,105,21,21,105,101,101,101,101,101,101,101,101,101,101,101,101,101,101,101,101,105,21,21,105,101,101,101,0,0,101,101,101,105,21,102,0,0,0,0,0,102,0,0,102,0,0,0,0,0,0,0,0,0,0,102,0
0,21,21,105,101,101,101,101,101,105,101,101,101,101,101,105,101,101,101,101,101,101,101,105,21,21,22,22,22,23,23,22,22,22,21,21,102,0,0,0,0,0,0,0,102,21,21,102,0,0,0,0,0,0,0,0,0,0,0,0,0,0,0,0,102,21,21,102,0,0,0,0,0,0,0,0,102,21,102,0,0,0,0,0,102,0,0,102,0,0,0,0,0,0,0,0,0,0,102,0
0,21,21,21,21,21,21,21,21,21,21,21,21,21,21,21,21,21,21,21,21,21,21,21,21,21,22,22,22,23,23,22,22,22,21,21,102,0,0,0,0,0,0,0,102,21,21,102,0,0,0,0,0,0,0,0,0,0,0,0,0,0,0,0,102,21,21,102,0,0,102,0,0,0,0,0,102,21,105,101,101,101,101,101,105,0,0,105,101,101,101,101,101,101,101,101,101,101,105,0
0,21,21,21,21,21,21,21,21,21,21,21,21,21,21,21,21,21,21,21,21,21,21,21,21,21,22,22,22,23,23,22,22,22,21,21,102,0,0,0,0,0,0,0,102,21,21,102,0,0,0,0,0,0,0,0,0,0,0,0,0,0,0,0,102,21,21,102,0,0,102,0,0,0,0,0,102,21,102,0,0,0,0,0,102,0,0,102,0,0,0,0,0,0,0,0,0,0,102,0
0,21,21,105,101,101,101,101,101,101,101,101,101,101,101,101,101,101,101,101,101,101,101,105,21,21,22,22,22,23,23,22,22,22,21,21,102,0,0,0,0,0,0,0,102,21,21,105,101,101,101,101,101,101,101,101,101,101,101,0,0,101,101,101,105,21,21,102,0,0,102,0,0,0,0,0,102,21,102,0,0,0,0,0,102,0,0,102,0,0,0,0,0,0,0,0,0,0,102,0
0,21,21,102,0,0,0,0,0,0,0,0,0,0,0,0,0,0,0,0,0,0,0,102,21,21,22,22,22,23,23,22,22,22,21,21,102,0,0,0,0,0,0,0,102,21,21,102,0,0,0,0,0,40,0,0,0,0,0,0,0,0,0,0,102,21,21,102,0,0,102,0,0,0,0,0,102,21,102,0,0,0,0,0,0,0,0,0,0,0,0,0,35,0,0,0,0,0,102,0
0,21,21,102,0,0,0,0,0,0,0,0,0,0,0,0,0,0,0,0,0,0,0,102,21,21,22,22,22,23,23,22,22,22,21,21,102,0,0,0,0,0,0,0,102,21,21,102,0,0,0,0,0,0,0,0,0,0,0,0,0,0,0,0,102,21,21,105,101,101,105,101,101,101,0,0,102,21,102,0,0,0,0,0,102,0,0,102,0,0,0,0,0,0,0,0,0,0,102,0
0,21,21,102,0,0,0,0,0,0,0,0,0,0,0,0,0,0,0,0,0,0,0,102,21,21,22,22,22,23,23,22,22,22,21,21,102,0,0,0,0,0,0,0,102,21,21,102,0,0,0,0,0,0,0,0,0,0,0,0,0,0,0,0,102,21,21,102,0,0,0,0,0,0,0,0,102,21,102,0,0,0,0,0,102,0,0,102,0,0,0,0,0,0,0,0,0,0,102,0
0,21,21,102,0,0,0,0,0,0,0,0,0,0,0,0,0,0,0,0,0,0,0,102,21,21,22,22,22,23,23,22,22,22,21,21,102,0,0,0,0,0,0,0,102,21,21,105,101,101,101,101,101,101,0,0,0,0,101,101,101,101,101,101,105,21,21,102,0,0,0,0,0,102,0,0,102,21,105,101,101,101,101,101,105,0,0,105,101,105,101,101,101,101,101,101,101,101,105,0
0,21,21,102,0,0,0,0,0,0,0,0,0,0,0,0,0,0,0,0,0,0,0,102,21,21,22,22,22,23,23,22,22,22,21,21,102,0,0,0,0,0,0,0,102,21,21,105,101,101,101,101,101,101,0,0,0,0,101,101,101,101,101,101,105,21,21,102,0,0,0,0,0,102,0,0,102,21,102,0,0,0,0,0,102,0,0,0,0,102,0,0,0,0,0,0,0,0,102,0
0,21,21,102,0,0,0,0,0,0,0,0,0,0,0,0,0,0,0,0,0,0,0,102,21,21,22,22,22,23,23,22,22,22,21,21,102,0,0,0,0,0,0,0,102,21,21,102,0,0,0,0,0,41,0,0,0,0,0,0,0,0,0,0,102,21,21,102,0,0,0,0,0,102,0,0,102,21,102,0,0,0,0,0,102,0,0,0,0,102,0,0,0,0,0,0,0,0,102,0
0,21,21,102,0,0,0,0,0,0,0,0,0,0,0,0,0,0,0,0,0,0,0,102,21,21,22,22,22,23,23,22,22,22,21,21,102,0,0,0,0,0,0,0,102,106,106,102,0,0,0,0,0,0,0,0,0,0,0,0,0,0,0,0,102,106,106,105,101,101,101,101,101,105,0,0,102,106,102,0,0,0,0,0,102,0,0,0,0,102,0,0,0,0,0,0,0,0,102,0
0,21,21,102,0,0,0,0,0,0,0,0,0,0,0,0,0,0,0,0,0,0,0,102,21,21,22,22,22,23,23,22,22,22,21,21,102,0,0,0,0,0,0,0,102,21,21,105,101,101,101,101,101,101,0,0,0,0,101,101,101,101,101,101,105,21,21,102,0,0,0,0,0,0,0,0,102,21,102,0,0,0,0,0,0,0,0,0,0,102,0,0,0,0,0,0,0,0,102,0
0,21,21,102,0,0,0,0,0,0,0,0,0,0,0,0,0,0,0,0,0,0,0,102,21,21,22,22,22,23,23,22,22,22,21,21,102,0,0,0,0,0,0,0,102,21,21,105,101,101,101,101,101,101,0,0,0,0,101,101,101,101,101,101,105,21,21,102,0,0,0,0,0,0,0,0,102,21,102,0,0,0,0,0,102,0,0,0,0,102,0,0,0,0,0,0,0,0,102,0
0,21,21,102,0,0,0,0,0,0,0,0,0,0,0,0,0,0,0,0,0,0,0,102,21,21,22,22,22,23,23,22,22,22,21,21,102,0,0,0,0,0,0,0,102,21,21,102,0,0,0,0,0,33,0,0,0,0,0,0,0,0,0,0,102,21,21,102,0,0,105,101,101,101,101,101,105,21,102,0,0,0,0,0,102,0,0,0,0,102,0,0,0,0,0,0,0,0,102,0
0,21,21,102,0,0,0,0,0,0,0,0,0,0,0,0,0,0,0,0,0,0,0,102,21,21,22,22,22,23,23,22,22,22,21,21,102,0,0,0,0,0,0,0,102,21,21,102,0,0,0,0,0,0,0,0,0,0,0,0,0,0,0,0,102,21,21,102,0,0,102,0,0,0,0,0,102,21,105,101,101,101,101,101,105,0,0,0,0,102,0,0,0,0,0,0,0,0,102,0
0,21,21,102,0,0,0,0,0,0,0,0,0,0,0,0,0,0,0,0,0,0,0,102,21,21,22,22,22,23,23,22,22,22,21,21,102,0,0,0,0,0,0,0,102,21,21,105,101,101,101,101,101,101,0,0,0,0,101,101,101,101,101,101,105,21,21,102,0,0,0,0,0,0,0,0,102,21,102,0,0,0,0,0,0,0,0,0,0,102,0,0,0,0,0,0,0,0,102,0
0,21,21,102,0,0,0,0,0,0,0,0,0,0,0,0,0,0,0,0,0,0,0,102,21,21,22,22,22,23,23,22,22,22,21,21,102,0,0,0,0,0,0,0,102,21,21,105,101,101,101,101,101,101,0,0,0,0,101,101,101,101,101,101,105,21,21,102,0,0,102,0,0,0,0,0,102,21,102,0,105,101,101,101,101,101,101,101,101,105,101,101,101,101,101,101,101,0,102,0
0,21,21,102,0,0,0,0,0,0,0,0,0,0,0,0,0,0,0,0,0,0,0,102,21,21,22,22,22,23,23,22,22,22,21,21,102,0,0,0,0,0,0,0,102,21,21,102,0,0,0,0,0,34,0,0,0,0,0,0,0,0,0,0,102,21,21,102,0,0,102,0,0,0,0,0,102,21,102,0,102,0,0,0,0,0,0,0,0,0,0,0,0,0,0,0,0,0,102,0
0,21,21,102,0,0,0,0,0,0,0,0,0,0,0,0,0,0,0,0,0,0,0,102,21,21,22,22,22,23,23,22,22,22,21,21,102,0,0,0,0,0,0,0,102,21,21,102,0,0,0,0,0,0,0,0,0,0,0,0,0,0,0,0,102,21,21,102,0,0,102,0,0,0,0,0,102,21,102,0,102,0,0,0,0,0,0,0,0,0,0,0,0,0,0,0,0,0,102,0
0,21,21,105,101,101,101,101,101,101,101,101,101,101,101,101,101,101,101,101,101,101,101,105,21,21,22,22,22,22,22,22,22,22,21,21,105,101,101,101,101,101,101,101,105,21,21,105,101,101,101,101,101,101,101,0,0,101,101,101,101,101,101,101,105,21,21,102,0,0,105,101,101,101,101,101,105,21,102,0,102,0,0,0,0,0,0,0,0,0,0,0,0,0,0,0,0,0,102,0
0,21,21,21,21,21,21,21,21,21,21,21,21,21,21,21,21,21,21,21,21,21,21,21,21,21,22,22,22,22,22,22,22,22,21,21,21,21,21,21,21,21,21,21,21,21,21,21,21,21,21,21,21,21,21,21,21,21,21,21,21,21,21,21,21,21,21,21,21,21,21,21,21,21,21,21,21,21,102,0,102,0,0,0,0,0,0,0,0,0,0,0,0,0,0,0,0,0,102,0
0,21,21,21,21,21,21,21,21,21,21,21,21,21,21,21,21,21,21,21,21,21,21,21,21,21,22,22,22,22,22,22,22,22,21,21,21,21,21,21,21,21,21,21,21,21,21,21,21,21,21,21,21,21,21,21,21,21,21,21,21,21,21,21,21,21,21,21,21,21,21,21,21,21,21,21,21,21,102,0,105,101,101,101,101,101,101,0,0,0,0,0,0,0,0,0,0,0,102,0
22,22,22,22,22,22,22,22,22,22,22,22,22,22,22,22,22,22,22,22,22,22,22,22,22,22,22,22,22,22,22,22,22,22,22,22,22,22,22,22,22,22,22,22,22,22,22,22,22,22,22,22,22,22,22,22,22,22,22,22,22,22,22,22,22,22,22,22,22,22,22,22,22,22,22,22,22,21,102,0,0,0,0,0,0,0,0,0,0,0,0,0,0,0,0,0,0,0,102,0
22,22,22,22,22,22,22,22,22,22,22,22,22,22,22,22,22,22,22,22,22,22,22,22,22,22,22,22,22,22,22,22,22,22,22,22,22,22,22,22,22,22,22,22,22,22,22,22,22,22,22,22,22,22,22,22,22,22,22,22,22,22,22,22,22,22,22,22,22,22,22,22,22,22,22,22,22,21,105,105,101,101,101,101,101,101,101,101,105,101,101,101,101,101,0,0,101,101,105,106
22,22,22,22,22,22,22,22,22,22,22,22,22,22,22,22,22,22,22,22,22,22,22,22,22,22,22,22,22,22,22,22,22,22,22,22,22,22,22,22,22,22,22,22,22,22,22,22,22,22,22,22,22,22,22,22,22,22,22,22,22,22,22,22,22,22,22,22,22,22,22,22,22,22,22,22,22,21,21,102,0,0,0,0,0,0,0,0,102,21,21,22,22,22,22,22,22,22,22,0
23,23,23,23,23,23,23,23,23,23,23,23,23,23,23,23,23,23,23,23,23,23,23,22,22,22,22,22,22,22,22,22,22,22,22,22,22,23,23,23,23,23,23,23,23,23,23,23,23,23,23,23,23,23,23,23,23,23,23,23,23,23,23,23,23,23,23,23,23,23,23,23,23,23,22,22,22,21,21,102,0,0,0,0,0,0,0,0,102,21,21,22,22,22,22,22,22,22,22,0
23,23,23,23,23,23,23,23,23,23,23,23,23,23,23,23,23,23,23,23,23,23,23,22,22,22,22,22,22,22,22,22,22,22,22,22,22,23,23,23,23,23,23,23,23,23,23,23,23,23,23,23,23,23,23,23,23,23,23,23,23,23,23,23,23,23,23,23,23,23,23,23,23,23,22,22,22,21,21,102,0,0,0,0,0,0,0,0,102,21,21,22,22,22,22,22,22,22,22,0
22,22,22,22,22,22,22,22,22,22,22,22,22,22,22,22,22,22,22,22,22,22,22,22,22,22,22,22,22,22,22,22,22,22,22,22,22,22,22,22,22,22,22,22,22,22,22,22,22,22,22,22,22,22,22,22,22,22,22,22,22,22,22,22,22,22,22,22,22,22,22,22,23,23,22,22,22,21,21,102,0,0,0,0,0,0,0,0,102,21,21,22,22,22,23,23,22,22,22,0
22,22,22,22,22,22,22,22,22,22,22,22,22,22,22,22,22,22,22,22,22,22,22,22,22,22,22,22,22,22,22,22,22,22,22,22,22,22,22,22,22,22,22,22,22,22,22,22,22,22,22,22,22,22,22,22,22,22,22,22,22,22,22,22,22,22,22,22,22,22,22,22,23,23,22,22,22,21,21,102,0,0,0,0,0,0,0,0,102,21,21,22,22,22,23,23,22,22,22,0
22,22,22,22,22,22,22,22,22,22,22,22,22,22,22,22,22,22,22,22,22,22,22,22,22,22,22,22,22,22,22,22,22,22,22,22,22,22,22,22,22,22,22,22,22,22,22,22,22,22,22,22,22,22,22,22,22,22,22,22,22,22,22,22,22,22,22,22,22,22,22,22,23,23,22,22,22,21,21,102,0,0,0,0,0,0,0,0,102,21,21,22,22,22,23,23,22,22,22,0
0,21,21,21,21,21,21,21,21,21,21,21,21,21,21,21,21,21,21,21,21,21,21,21,21,21,22,22,22,22,22,22,22,22,21,21,21,21,21,21,21,21,21,21,21,21,21,21,21,21,21,21,21,21,21,21,21,21,21,21,21,21,21,21,21,21,21,21,21,22,22,22,23,23,22,22,22,21,21,102,0,0,0,0,0,0,0,0,102,21,21,22,22,22,23,23,22,22,22,0
0,21,21,21,21,21,21,21,21,21,21,21,21,21,21,21,21,21,21,21,21,21,21,21,21,21,22,22,22,22,22,22,22,22,21,21,21,21,21,21,21,21,21,21,21,21,21,21,21,21,21,21,21,21,21,21,21,21,21,21,21,21,21,21,21,21,21,21,21,22,22,22,23,23,22,22,22,21,21,102,0,0,0,0,0,0,0,0,102,21,21,22,22,22,23,23,22,22,22,0
0,21,21,0,0,0,0,0,0,0,0,0,0,0,0,0,0,0,0,0,0,0,0,0,21,21,22,22,22,22,22,22,22,22,21,21,0,0,0,0,0,0,0,0,0,0,0,0,0,0,0,0,0,0,0,0,0,0,0,0,0,0,0,0,0,0,0,21,21,22,22,22,23,23,22,22,22,21,21,102,0,0,0,0,0,0,0,0,102,21,21,22,22,22,23,23,22,22,22,0
0,21,21,0,0,0,0,0,0,0,0,0,0,0,0,0,0,0,0,0,0,0,0,0,21,21,22,22,22,23,23,22,22,22,21,21,0,0,0,0,0,0,0,0,0,0,0,0,0,0,0,0,0,0,0,0,0,0,0,0,0,0,0,0,0,0,0,21,21,22,22,22,23,23,22,22,22,21,21,102,0,0,0,0,0,0,0,0,102,21,21,22,22,22,23,23,22,22,22,0
0,21,21,0,0,0,0,0,0,0,0,0,0,0,0,0,0,0,0,0,0,0,0,0,21,21,22,22,22,23,23,22,22,22,21,21,0,0,0,0,0,0,0,0,0,0,0,0,0,0,0,0,0,0,0,0,0,0,0,0,0,0,0,0,0,0,0,21,21,22,22,22,23,23,22,22,22,21,21,102,0,0,0,0,0,0,0,0,102,21,21,22,22,22,23,23,22,22,22,0
0,21,21,0,0,0,105,101,101,50,101,101,101,101,101,101,101,50,101,101,105,0,0,0,21,21,22,22,22,23,23,22,22,22,21,21,0,0,0,0,0,0,0,0,0,0,0,0,0,0,0,0,0,0,0,0,0,0,0,0,0,0,0,0,0,0,0,21,21,22,22,22,23,23,22,22,22,21,21,102,0,0,0,0,0,0,0,0,102,21,21,22,22,22,23,23,22,22,22,0
0,21,21,0,0,0,102,0,0,0,0,0,0,0,0,0,0,0,0,0,102,0,0,0,21,21,22,22,22,23,23,22,22,22,21,21,0,0,0,0,0,0,0,0,0,0,0,0,0,0,0,0,0,0,0,0,0,0,0,0,0,0,0,0,0,0,0,21,21,22,22,22,23,23,22,22,22,21,21,102,0,0,0,0,0,0,0,0,102,21,21,22,22,22,23,23,22,22,22,0
0,21,21,0,0,0,102,0,0,0,0,0,0,0,0,0,0,0,0,0,102,0,0,0,21,21,22,22,22,23,23,22,22,22,21,21,0,0,0,0,0,0,0,0,0,0,0,0,0,0,0,0,0,0,0,0,0,0,0,0,0,0,0,0,0,0,0,21,21,22,22,22,23,23,22,22,22,21,21,102,0,0,0,0,0,0,0,0,102,21,21,22,22,22,23,23,22,22,22,0
0,21,21,0,0,0,102,0,0,0,0,0,0,0,0,0,0,0,0,302,102,0,0,0,21,200,22,22,22,23,23,22,22,22,21,21,0,0,0,0,0,0,0,0,0,0,0,0,0,0,0,0,0,0,0,0,0,0,0,0,0,0,0,0,0,0,0,21,21,22,22,22,23,23,22,22,22,21,21,102,0,0,0,0,0,0,0,0,102,21,21,22,22,22,23,23,22,22,22,0
0,21,21,0,0,0,102,0,0,0,0,0,0,0,0,0,0,0,0,0,102,0,0,0,21,21,22,22,22,23,23,22,22,22,21,21,0,0,0,0,0,0,0,0,0,0,0,0,0,0,0,0,0,0,0,0,0,0,0,0,0,0,0,0,0,0,0,21,21,22,22,22,23,23,22,22,22,21,21,102,0,0,0,0,0,0,0,0,102,21,21,22,22,22,23,23,22,22,22,0
0,21,21,0,0,0,102,0,0,0,0,0,0,0,0,0,0,0,0,0,0,0,0,0,21,21,22,22,22,23,23,22,22,22,21,21,0,0,0,0,0,0,0,0,0,0,0,0,0,0,0,0,0,0,0,0,0,0,0,0,0,0,0,0,0,0,0,21,21,22,22,22,23,23,22,22,22,21,21,102,0,0,0,0,0,0,0,0,102,21,21,22,22,22,23,23,22,22,22,0
0,21,21,0,0,0,102,0,0,0,0,0,0,0,0,0,0,0,0,0,0,0,0,0,21,21,22,22,22,23,23,22,22,22,21,21,0,0,0,0,0,0,0,0,0,0,0,0,0,0,0,0,0,0,0,0,0,0,0,0,0,0,0,0,0,0,0,21,21,22,22,22,23,23,22,22,22,21,21,102,0,0,0,0,0,0,0,0,102,21,21,22,22,22,23,23,22,22,22,0
0,21,21,0,0,0,102,0,0,0,0,0,0,0,0,110,0,0,0,0,0,0,0,0,21,21,22,22,22,23,23,22,22,22,21,21,0,0,0,0,0,0,0,0,0,0,0,0,0,0,0,0,0,0,0,0,0,0,0,0,0,0,0,0,0,0,0,21,21,22,22,22,23,23,22,22,22,21,21,102,0,0,0,0,0,0,0,0,102,21,21,22,22,22,23,23,22,22,22,0
0,21,21,0,0,0,102,0,0,0,0,0,0,0,0,0,0,0,0,0,0,0,0,0,21,21,22,22,22,23,23,22,22,22,21,21,0,0,0,0,0,0,0,0,0,0,0,0,0,0,0,0,0,0,0,0,0,0,0,0,0,0,0,0,0,0,0,21,21,22,22,22,22,22,22,22,22,21,21,105,101,101,101,101,101,101,101,101,105,21,21,22,22,22,22,22,22,22,22,0
0,21,21,0,0,0,102,0,0,0,0,0,0,0,0,0,0,0,0,0,0,0,0,0,21,21,22,22,22,23,23,22,22,22,21,21,0,0,0,0,0,0,0,0,0,0,0,0,0,0,0,0,0,0,0,0,0,0,0,0,0,0,0,0,0,0,0,21,21,22,22,22,22,22,22,22,22,21,21,21,21,21,21,21,21,21,21,21,21,21,21,22,22,22,22,22,22,22,22,0
0,21,21,0,0,0,102,0,0,0,0,0,0,0,0,0,0,0,0,0,102,0,0,0,21,21,22,22,22,23,23,22,22,22,21,21,0,0,0,0,0,0,0,0,0,0,0,0,0,0,0,0,0,0,0,0,0,0,0,0,0,0,0,0,0,0,0,21,21,22,22,22,22,22,22,22,22,21,21,21,21,21,21,21,21,21,21,21,21,21,21,22,22,22,22,22,22,22,22,0
0,21,21,0,0,0,102,27,0,0,0,0,0,0,0,0,0,0,0,0,102,0,0,0,21,21,22,22,22,23,23,22,22,22,21,21,0,0,0,0,0,0,0,0,0,0,0,0,0,0,0,0,0,0,0,0,0,0,0,0,0,0,0,0,0,0,0,21,21,22,22,22,22,22,22,22,22,22,22,22,22,22,22,22,22,22,22,22,22,22,22,22,22,22,22,22,22,22,22,0
0,21,21,0,0,0,102,0,0,0,0,0,0,0,0,0,0,0,0,0,102,0,0,0,21,21,22,22,22,23,23,22,22,22,21,21,0,0,0,0,0,0,0,0,0,0,0,0,0,0,0,0,0,0,0,0,0,0,0,0,0,0,0,0,0,0,0,21,21,22,22,22,22,22,22,22,22,22,22,22,22,22,22,22,22,22,22,22,22,22,22,22,22,22,22,22,22,22,22,0
0,21,21,0,0,0,102,0,0,26,0,0,0,0,0,0,0,0,0,0,102,0,0,0,21,21,22,22,22,23,23,22,22,22,21,21,0,0,0,0,0,0,0,0,0,0,0,0,0,0,0,0,0,0,0,0,0,0,0,0,0,0,0,0,0,0,0,21,21,22,22,22,22,22,22,22,22,22,22,22,22,22,22,22,22,22,22,22,22,22,22,22,22,22,22,22,22,22,22,0
0,21,21,0,0,0,105,101,101,50,101,101,101,101,101,101,101,50,101,101,105,0,0,0,21,21,22,22,22,23,23,22,22,22,21,21,0,0,0,0,0,0,0,0,0,0,0,0,0,0,0,0,0,0,0,0,0,0,0,0,0,0,0,0,0,0,0,21,21,22,22,22,22,22,22,22,22,22,22,22,23,23,23,23,23,23,23,23,22,22,22,22,22,22,22,22,22,22,22,0
0,21,21,0,0,0,0,0,0,0,0,0,0,0,0,0,0,0,0,0,0,0,0,0,21,21,22,22,22,23,23,22,22,22,21,21,0,0,0,0,0,0,0,0,0,0,0,0,0,0,0,0,0,0,0,0,0,0,0,0,0,0,0,0,0,0,0,21,21,22,22,22,22,22,22,22,22,22,22,22,23,23,23,23,23,23,23,23,22,22,22,22,22,22,22,22,22,22,22,0
0,21,21,0,0,0,0,0,0,0,0,0,0,0,0,0,0,0,0,0,0,0,0,0,21,21,22,22,22,23,23,22,22,22,21,21,0,0,0,0,0,0,0,0,0,0,0,0,0,0,0,0,0,0,0,0,0,0,0,0,0,0,0,0,0,0,0,21,21,22,22,22,22,22,22,22,22,22,22,22,22,22,22,22,22,22,22,22,22,22,22,22,22,22,22,22,22,22,22,0
0,21,21,0,0,0,0,0,0,0,0,0,0,0,0,0,0,0,0,0,0,0,0,0,21,21,22,22,22,22,22,22,22,22,21,21,0,0,0,0,0,0,0,0,0,0,0,0,0,0,0,0,0,0,0,0,0,0,0,0,0,0,0,0,0,0,0,21,21,22,22,22,22,22,22,22,22,22,22,22,22,22,22,22,22,22,22,22,22,22,22,22,22,22,22,22,22,22,22,0
0,21,21,21,21,21,21,21,21,21,21,21,21,21,21,21,21,21,21,21,21,21,21,21,21,21,22,22,22,22,22,22,22,22,21,21,0,0,0,0,0,0,0,0,0,0,0,0,0,0,0,0,0,0,0,0,0,0,0,0,0,0,0,0,0,0,0,21,21,22,22,22,22,22,22,22,22,22,22,22,22,22,22,22,22,22,22,22,22,22,22,22,22,22,22,22,22,22,22,0
0,21,21,21,21,21,21,21,21,21,21,21,21,21,21,21,21,21,21,21,21,21,21,21,21,21,22,22,22,22,22,22,22,22,21,21,0,0,0,0,0,0,0,0,0,0,0,0,0,0,0,0,0,0,0,0,0,0,0,0,0,0,0,0,0,0,0,21,21,22,22,22,22,22,22,22,22,21,21,21,21,21,21,21,21,21,21,21,21,21,21,22,22,22,22,22,22,22,22,0
22,22,22,22,22,22,22,22,22,22,22,22,22,22,22,22,22,22,22,22,22,22,22,22,22,22,22,22,22,22,22,22,22,22,21,21,0,0,0,0,0,0,0,0,0,0,0,0,0,0,0,0,0,0,0,0,0,0,0,0,0,0,0,0,0,0,0,21,21,22,22,22,22,22,22,22,22,21,21,21,21,21,21,21,21,21,21,21,21,21,21,22,22,22,22,22,22,22,22,0
22,22,22,22,22,22,22,22,22,22,22,22,22,22,22,22,22,22,22,22,22,22,22,22,22,22,22,22,22,22,22,22,22,22,21,21,0,0,0,0,0,0,0,0,0,0,0,0,0,0,0,0,0,0,0,0,0,0,0,0,0,0,0,0,0,0,0,21,21,22,22,22,22,22,22,22,22,21,21,105,101,101,101,101,101,101,101,101,105,21,21,22,22,22,22,22,22,22,22,0
22,22,22,22,22,22,22,22,22,22,22,22,22,22,22,22,22,22,22,22,22,22,22,22,22,22,22,22,22,22,22,22,22,22,21,21,0,0,0,0,0,0,0,0,0,0,0,0,0,0,0,0,0,0,0,0,0,0,0,0,0,0,0,0,0,0,0,21,21,22,22,22,23,23,22,22,22,21,21,102,0,0,0,0,0,0,0,0,102,21,21,22,22,22,23,23,22,22,22,0
23,23,23,23,23,23,23,23,23,23,23,23,23,23,23,23,23,23,23,23,23,23,23,22,22,22,22,22,22,22,22,22,22,22,21,21,0,0,0,0,0,0,0,0,0,0,0,0,0,0,0,0,0,0,0,0,0,0,0,0,0,0,0,0,0,0,0,21,21,22,22,22,23,23,22,22,22,21,21,102,0,0,0,0,0,0,0,0,102,21,21,22,22,22,23,23,22,22,22,0
23,23,23,23,23,23,23,23,23,23,23,23,23,23,23,23,23,23,23,23,23,23,23,22,22,22,22,22,22,22,22,22,22,22,21,21,21,21,21,21,21,21,21,21,21,21,21,21,21,21,21,21,21,21,21,21,21,21,21,21,21,21,21,21,21,21,21,21,21,22,22,22,23,23,22,22,22,21,21,102,0,0,0,0,0,0,0,0,102,21,21,22,22,22,23,23,22,22,22,0
22,22,22,22,22,22,22,22,22,22,22,22,22,22,22,22,22,22,22,22,22,22,22,22,22,22,22,22,22,22,22,22,22,22,21,21,21,21,21,21,21,21,21,21,21,21,21,21,21,21,21,21,21,21,21,21,21,21,21,21,21,21,21,21,21,21,21,21,21,22,22,22,23,23,22,22,22,21,21,102,0,0,0,0,0,0,0,0,102,21,21,22,22,22,23,23,22,22,22,0
22,22,22,22,22,22,22,22,22,22,22,22,22,22,22,22,22,22,22,22,22,22,22,22,22,22,22,22,22,22,22,22,22,22,22,22,22,22,22,22,22,22,22,22,22,22,22,22,22,22,22,22,22,22,22,22,22,22,22,22,22,22,22,22,22,22,22,22,22,22,22,22,23,23,22,22,22,21,21,102,0,0,0,0,0,0,0,0,102,21,21,22,22,22,23,23,22,22,22,0
22,22,22,22,22,22,22,22,22,22,22,22,22,22,22,22,22,22,22,22,22,22,22,22,22,22,22,22,22,22,22,22,22,22,22,22,22,22,22,22,22,22,22,22,22,22,22,22,22,22,22,22,22,22,22,22,22,22,22,22,22,22,22,22,22,22,22,22,22,22,22,22,23,23,22,22,22,21,21,102,0,0,0,0,0,0,0,0,102,21,21,22,22,22,23,23,22,22,22,0
0,21,21,21,21,21,21,21,21,21,21,21,21,21,21,21,21,21,21,21,21,21,21,21,21,21,22,22,22,23,23,22,22,22,22,22,22,22,22,22,22,22,22,22,22,22,22,22,22,22,22,22,22,22,22,22,22,22,22,22,22,22,22,22,22,22,22,22,22,22,22,22,23,23,22,22,22,21,21,102,0,0,0,0,0,0,0,0,102,21,21,22,22,22,23,23,22,22,22,0
0,21,21,21,21,21,21,21,21,21,21,21,21,21,21,21,21,21,21,21,21,21,21,21,21,21,22,22,22,23,23,23,23,23,23,23,23,23,23,23,23,23,23,23,23,23,23,23,23,23,23,23,23,23,23,23,23,23,23,23,23,23,23,23,23,23,23,23,23,23,23,23,23,23,22,22,22,21,21,102,0,0,0,0,0,0,0,0,102,21,21,22,22,22,23,23,22,22,22,0
0,105,101,101,101,101,101,101,101,101,101,101,101,101,101,101,101,101,101,101,101,101,101,105,21,21,22,22,22,23,23,23,23,23,23,23,23,23,23,23,23,23,23,23,23,23,23,23,23,23,23,23,23,23,23,23,23,23,23,23,23,23,23,23,23,23,23,23,23,23,23,23,23,23,22,22,22,21,21,102,0,0,0,0,0,0,0,0,102,21,21,22,22,22,23,23,22,22,22,0
0,102,0,0,0,0,0,0,0,0,0,0,0,0,0,0,0,0,0,0,0,0,0,102,21,21,22,22,22,22,22,22,22,22,22,22,22,22,22,22,22,22,22,22,22,22,22,22,22,22,22,22,22,22,22,22,22,22,22,22,22,22,22,22,22,22,22,22,22,22,22,22,22,22,22,22,22,21,21,102,0,0,0,0,0,0,0,0,102,21,21,22,22,22,23,23,22,22,22,0
0,102,0,0,0,0,0,0,0,0,0,0,0,0,0,0,0,0,0,0,0,0,0,102,21,21,22,22,22,22,22,22,22,22,22,22,22,22,22,22,22,22,22,22,22,22,22,22,22,22,22,22,22,22,22,22,22,22,22,22,22,22,22,22,22,22,22,22,22,22,22,22,22,22,22,22,22,21,21,102,0,0,0,0,0,0,0,0,102,21,21,22,22,22,22,22,22,22,22,0
0,102,0,0,0,0,0,0,0,0,0,0,0,0,0,0,0,0,0,0,0,0,0,102,21,21,22,22,22,22,22,22,22,22,22,22,22,22,22,22,22,22,22,22,22,22,22,22,22,22,22,22,22,22,22,22,22,22,22,22,22,22,22,22,22,22,22,22,22,22,22,22,22,22,22,22,22,21,21,102,0,0,0,0,0,0,0,0,102,21,21,22,22,22,22,22,22,22,22,0
0,102,0,0,0,0,0,0,0,0,0,0,0,0,0,0,0,0,0,0,0,0,0,102,21,21,22,22,22,22,22,22,22,22,22,22,22,22,22,22,22,22,22,22,22,22,22,22,22,22,22,22,22,22,22,22,22,22,22,22,22,22,22,22,22,22,22,22,22,22,22,22,22,22,22,22,22,21,21,102,0,0,0,0,0,0,0,0,102,21,21,22,22,22,22,22,22,22,22,0
0,102,0,0,0,0,0,0,0,0,0,0,0,0,0,0,0,0,0,0,0,0,0,102,21,21,21,21,21,21,21,21,21,21,21,21,21,21,21,21,21,21,21,21,21,21,21,21,21,21,21,21,21,21,21,21,21,21,21,21,21,21,21,21,21,21,21,21,21,21,21,21,21,21,21,21,21,21,21,105,101,101,101,101,101,101,101,101,101,101,101,0,0,0,0,0,0,0,0,102
0,105,101,101,101,101,101,101,101,101,101,101,101,101,101,101,101,101,101,101,101,101,101,105,21,21,21,21,21,21,21,21,21,21,21,21,21,21,21,21,21,21,21,21,21,21,21,21,21,21,21,21,21,21,21,21,21,21,21,21,21,21,21,21,21,21,21,21,21,21,21,21,21,21,21,21,21,21,21,102,0,0,0,0,0,0,0,0,0,0,0,0,0,0,0,0,0,0,0,102
106,106,106,106,106,106,106,106,106,106,106,106,106,106,106,106,106,106,106,106,106,106,106,106,106,106,106,106,106,106,106,106,106,106,106,106,106,106,106,106,106,106,106,106,105,101,101,101,101,101,101,101,105,101,101,101,101,101,105,101,101,101,101,105,101,101,101,101,101,101,101,101,101,101,101,101,101,101,101,105,0,0,0,0,0,0,0,0,0,0,0,0,0,0,0,0,0,0,0,102
0,0,0,0,0,0,0,0,0,0,0,0,0,0,0,0,0,0,0,0,0,0,0,0,0,0,0,0,0,0,0,0,0,0,0,0,0,0,0,0,0,0,0,0,102,0,0,0,0,0,0,0,102,0,0,0,0,0,102,0,0,0,0,102,0,0,0,0,0,0,0,0,0,0,0,0,0,0,0,0,0,0,0,0,0,0,0,0,0,0,0,0,0,0,0,0,0,0,0,102
0,0,0,0,0,0,0,0,0,0,0,0,0,0,0,0,0,0,0,0,0,0,0,0,0,0,0,0,0,0,0,0,0,0,0,0,0,0,0,0,0,0,0,0,102,0,0,0,0,0,0,0,102,0,0,0,0,0,102,0,0,0,0,102,38,0,0,0,0,0,0,0,0,0,0,0,0,0,0,0,0,0,105,101,105,101,101,101,105,101,101,101,105,101,101,101,105,0,101,105
0,0,0,0,0,0,0,0,0,0,0,0,0,0,0,0,0,0,0,0,0,0,0,0,0,0,0,0,0,0,0,0,0,0,0,0,0,0,0,0,0,0,0,0,105,101,101,101,0,0,0,0,102,0,0,0,0,0,0,0,0,0,0,105,101,101,101,101,101,101,101,101,101,101,101,101,0,0,0,0,0,0,102,0,102,0,0,0,102,0,0,0,102,0,0,0,102,0,0,102
0,0,0,0,0,0,0,0,0,0,0,0,0,0,0,0,0,0,0,0,0,0,0,0,0,0,0,0,0,0,0,0,0,0,0,0,0,0,0,0,0,0,0,0,102,0,0,0,0,0,0,0,102,0,0,0,0,0,0,0,0,0,0,0,0,0,0,0,0,0,0,0,0,0,0,0,0,0,0,0,0,0,102,0,102,0,0,0,102,0,0,0,102,0,0,0,102,0,0,102
0,0,0,0,0,0,0,0,0,0,0,0,0,0,0,0,0,0,0,0,0,0,0,0,0,0,0,0,0,0,0,0,0,0,0,0,0,0,0,0,0,0,0,0,102,0,0,0,0,0,0,0,102,0,0,0,0,0,102,0,0,0,0,105,101,101,0,101,101,105,101,101,0,101,101,105,0,0,0,0,0,0,102,0,105,101,0,101,105,101,0,101,105,101,0,101,105,0,0,102
0,0,0,0,0,0,0,0,0,0,0,0,0,0,0,0,0,0,0,0,0,0,0,0,0,0,0,0,0,0,0,0,0,0,0,0,0,0,0,0,0,0,0,0,102,0,0,0,0,0,0,0,105,101,101,101,101,101,105,0,0,0,0,102,0,0,0,0,0,102,0,0,0,0,0,102,0,0,0,0,0,0,102,39,0,0,0,0,0,0,0,0,0,0,0,0,0,0,0,102
0,0,0,0,0,0,0,0,0,0,0,0,0,0,0,0,0,0,0,0,0,0,0,0,0,0,0,0,0,0,0,0,0,0,0,0,0,0,0,0,0,0,0,0,102,0,0,0,0,0,0,0,0,0,0,0,0,0,0,0,0,0,0,102,0,0,0,0,0,102,0,0,0,0,0,102,0,0,0,0,0,0,102,0,0,0,0,0,0,0,0,0,0,0,0,0,0,0,0,102
0,0,0,0,0,0,0,0,0,0,0,0,0,0,0,0,0,0,0,0,0,0,0,0,0,0,0,0,0,0,0,0,0,0,0,0,0,0,0,0,0,0,0,0,105,101,101,101,0,0,0,0,0,0,0,0,0,0,0,0,0,0,0,102,0,0,0,0,0,102,0,0,0,0,0,102,0,0,0,0,0,0,102,0,105,101,0,101,105,101,0,101,105,101,0,101,105,0,0,102
0,0,0,0,0,0,0,0,0,0,0,0,0,0,0,0,0,0,0,0,0,0,0,0,0,0,0,0,0,0,0,0,0,0,0,0,0,0,0,0,0,0,0,0,102,0,0,0,0,0,0,0,0,0,0,0,0,0,0,0,0,0,0,102,0,0,0,0,0,102,0,0,0,0,0,102,0,0,0,0,0,0,102,0,102,0,0,0,102,0,0,0,102,0,0,0,102,0,0,102
0,0,0,0,0,0,0,0,0,0,0,0,0,0,0,0,0,0,0,0,0,0,0,0,0,0,0,0,0,0,0,0,0,0,0,0,0,0,0,0,0,0,0,0,102,0,0,0,0,0,0,0,0,0,0,0,0,0,0,0,0,0,0,102,0,0,0,0,0,102,0,0,0,0,32,102,0,0,0,0,0,0,102,0,102,0,0,0,102,0,0,0,102,0,0,0,102,0,0,102
0,0,0,0,0,0,0,0,0,0,0,0,0,0,0,0,0,0,0,0,0,0,0,0,0,0,0,0,0,0,0,0,0,0,0,0,0,0,0,0,0,0,0,0,105,101,101,101,101,101,101,101,101,101,101,101,101,101,101,101,101,101,101,105,101,101,101,101,101,105,101,101,101,101,101,105,101,101,101,101,101,101,105,101,105,101,101,101,105,101,101,101,105,101,101,101,105,101,101,105
0,0,0,0,0,0,0,0,0,0,0,0,0,0,0,0,0,0,0,0,0,0,0,0,0,0,0,0,0,0,0,0,0,0,0,0,0,0,0,0,0,0,0,0,0,0,0,0,0,0,0,0,0,0,0,0,0,0,0,0,0,0,0,0,0,0,0,0,0,0,0,0,0,0,0,0,0,0,0,0,0,0,0,0,0,0,0,0,0,0,0,0,0,0,0,0,0,0,0,0
0,0,0,0,0,0,0,0,0,0,0,0,0,0,0,0,0,0,0,0,0,0,0,0,0,0,0,0,0,0,0,0,0,0,0,0,0,0,0,0,0,0,0,0,0,0,0,0,0,0,0,0,0,0,0,0,0,0,0,0,0,0,0,0,0,0,0,0,0,0,0,0,0,0,0,0,0,0,0,0,0,0,0,0,0,0,0,0,0,0,0,0,0,0,0,0,0,0,0,0
